{"fx": 432.4931945800781, "fy": 431.9271240234375, "ppx": 421.7724304199219, "ppy": 232.96714782714844, "height": 480, "width": 848, "depth_scale": 9.999999747378752e-05}